seller_id,review_text,seller_rating,total_sales,return_rate,response_time,positive_review_percent,negative_review_percent,product_category,review_timestamp,label
S1000,Wish along effect discuss. Show reality shoulder door.,4.0,3782,0.17,24,0.74,0.26,Beauty,2024-09-01 18:53:58,0
S1001,Agreement resource various center. Only network professional task call budget.,3.4,779,0.17,33,0.51,0.49,Fashion,2025-05-31 18:04:34,0
S1002,"Hotel right together court bed visit type add. President contain region director.
Sound especially consider listen final third. Thank foot bag special.",1.0,484,0.28,62,0.36,0.64,Books,2024-04-14 06:43:38,1
S1003,West community activity election. Several stage art seek today.,2.8,3015,0.23,51,0.76,0.24,Books,2024-01-01 14:12:27,0
S1004,President conference produce consumer market. Information eat top yes.,3.2,610,0.17,60,0.38,0.62,Home,2025-05-18 14:05:46,0
S1005,"School house music today. Old our American.
Second ready little direction might. Be level light.",4.4,2566,0.1,4,0.51,0.49,Home,2024-01-17 23:09:13,0
S1006,Network never feel quickly. Task prove part end.,5.0,1510,0.26,62,0.52,0.48,Toys,2024-11-17 23:52:25,0
S1007,"Expert end crime find. Various do scene cause seek hear.
Soldier market office line standard second. Generation kitchen if course.",4.4,347,0.33,71,0.59,0.41,Books,2024-09-27 08:18:16,0
S1008,Painting possible southern area. Discuss mother person employee. Know professor great set less send tough.,2.5,2037,0.27,41,0.92,0.08,Electronics,2023-09-30 09:03:18,0
S1009,Recognize kid big personal week drop past.,3.3,3114,0.36,35,0.62,0.38,Electronics,2023-08-28 12:33:57,0
S1010,"Side white better theory.
Note soon rock media order best. Rate usually clear personal game.",2.3,2700,0.12,9,0.78,0.22,Toys,2025-05-01 00:35:05,0
S1011,Box center respond sort real. Capital magazine camera rest or world.,3.3,873,0.07,23,0.71,0.29,Home,2025-06-09 10:58:40,0
S1012,Song or fight open say woman enter.,1.5,1688,0.06,28,0.93,0.07,Books,2023-07-27 23:27:02,0
S1013,"Kid month PM hair. Wide thousand effort represent. Happen PM say would.
Here recognize watch.",4.0,2703,0.3,62,0.37,0.63,Electronics,2024-05-20 00:00:46,0
S1014,Center city red character national senior. Into my bill general us management.,2.1,1316,0.31,27,0.58,0.42,Electronics,2023-10-26 18:53:25,0
S1015,Agreement different later key grow to. Half manager his add her star nearly. Simple seat bad watch item food wait poor.,3.1,4789,0.14,52,0.55,0.45,Fashion,2023-10-15 00:21:31,0
S1016,Party near site win remain. Happy human difference young important seven. Discuss rate board long because lose answer.,2.9,4669,0.31,56,0.33,0.67,Books,2024-09-10 03:13:51,0
S1017,Beat hope give push course fight. Office system career short behind. Wife believe hair effect impact half water.,3.6,864,0.45,44,0.6,0.4,Home,2024-06-03 14:14:57,0
S1018,System finally always by experience conference often.,3.8,1743,0.31,38,0.55,0.45,Electronics,2023-12-25 10:35:32,0
S1019,"Such indeed help size agency. Call hospital model some owner boy. Government shake condition thousand.
Seven him against upon strategy should. Price after minute.",4.9,1940,0.33,3,0.7,0.3,Home,2023-10-03 21:25:15,0
S1020,"Model season open why over heavy these fish. Debate upon training policy. Soon theory yes.
Less fact police their task. Stay feeling recent investment everything pick somebody.",3.9,1379,0.04,33,0.57,0.43,Fashion,2025-02-15 10:26:59,0
S1021,Whom wide present table type just radio. East site involve during. Back treatment national walk buy minute up whom.,4.7,1812,0.17,60,0.48,0.52,Toys,2024-12-01 06:12:47,0
S1022,Eat soon reflect too similar accept. Good sometimes threat sound.,4.1,3733,0.25,19,0.79,0.21,Toys,2023-07-08 06:08:33,0
S1023,Executive arrive than though do skin. Air throughout Democrat cause. Almost now air rule meet trial.,4.1,4692,0.24,25,0.3,0.7,Fashion,2025-01-03 22:20:47,0
S1024,Media experience support yes set maybe good end.,4.6,4983,0.33,33,0.31,0.69,Books,2024-12-24 05:53:14,0
S1025,House statement discussion save push. Live for today tree near most seat public.,2.2,1537,0.13,59,0.55,0.45,Electronics,2024-11-27 14:43:44,0
S1026,"Choose society week student. Draw far wife newspaper she suffer decision.
Road smile image keep animal force find.",4.4,3456,0.3,8,0.73,0.27,Home,2024-11-20 02:42:03,0
S1027,American parent environment success.,3.5,969,0.31,64,0.74,0.26,Home,2024-12-17 11:44:24,0
S1028,Able medical rest perhaps. Decide first never serious size minute American. Above artist her past system. Behavior instead group nearly product.,1.9,26,0.14,37,0.93,0.07,Home,2024-03-05 15:56:16,0
S1029,People staff phone never age. Manage half term. Official method test camera remember. Around participant big.,4.0,3180,0.15,33,0.52,0.48,Books,2024-03-04 16:32:23,0
S1030,Television alone allow science. Thank chair positive simple trial.,3.0,137,0.08,46,0.37,0.63,Books,2024-10-19 08:14:17,0
S1031,Street high open. Top general fish window build message player. Call third nor.,3.6,1419,0.05,26,0.85,0.15,Toys,2024-03-16 03:21:32,0
S1032,Example will example remember close wrong.,5.0,2465,0.12,65,0.35,0.65,Books,2023-08-28 15:52:56,0
S1033,Standard report community discover over concern last billion. Spend participant example. Another worry step television.,2.9,1176,0.13,25,0.41,0.59,Fashion,2024-06-11 18:59:26,0
S1034,Store son activity chance any.,2.6,3271,0.33,70,0.51,0.49,Beauty,2024-08-01 19:01:06,0
S1035,Strong start hard role source fast lead again. Usually challenge sort certain animal miss above.,1.5,3134,0.19,47,0.78,0.22,Electronics,2024-09-01 08:55:51,0
S1036,Room enough talk low behind operation.,4.0,4374,0.16,62,0.87,0.13,Electronics,2024-06-24 07:50:53,0
S1037,Huge two near tax road. Color it radio system meeting why contain.,2.7,1091,0.46,1,0.95,0.05,Home,2024-06-21 11:07:43,0
S1038,"Leave provide street. Thing guy expect. Might drug effect.
Agree behind enter never national. Return garden central use. Use morning option everything rule guess report.",3.2,4080,0.05,26,0.54,0.46,Books,2023-06-29 22:44:53,0
S1039,"Still maintain information exist method she figure. Their research family deep.
Program condition cut science water agency position. Win able born century front either Mr.",3.3,2275,0.4,23,0.33,0.67,Beauty,2024-05-08 15:09:18,0
S1040,Worker someone member could opportunity. Gas data rate former factor. Course guess set nice.,4.6,2859,0.12,16,0.35,0.65,Fashion,2024-02-25 09:57:16,0
S1041,Look forget night herself himself view. Cultural local game usually subject. Bank last author wish note.,3.3,905,0.13,33,0.61,0.39,Toys,2024-01-24 11:10:58,0
S1042,"House fact box investment. Trade sister administration computer like. Boy threat television television exist.
Stand rich son trade hot street.",4.5,2748,0.14,43,0.43,0.57,Fashion,2025-03-22 19:15:07,0
S1043,Challenge century head perhaps leg kid might.,3.0,785,0.23,7,0.38,0.62,Beauty,2025-05-22 16:57:31,0
S1044,Fine step too he feel. Accept part population need on.,4.8,1526,0.2,24,0.85,0.15,Fashion,2023-10-15 11:59:57,0
S1045,Each very professional sign customer within she. When serious society consider. Investment relate central stock notice.,3.5,2153,0.11,30,0.91,0.09,Fashion,2024-12-22 10:27:47,0
S1046,Degree page fill deal oil answer side happen. Necessary seven tonight sure size wrong agreement.,3.1,605,0.08,12,0.95,0.05,Books,2024-11-21 12:08:52,0
S1047,Long alone two start evening action blue.,3.1,1829,0.25,69,0.5,0.5,Home,2023-07-28 16:52:54,0
S1048,"Specific ago just education. Administration one benefit time.
At else follow blue after by positive. Quality different because plan. Major sing us smile.",4.1,2948,0.11,14,0.67,0.33,Fashion,2023-08-04 07:01:35,0
S1049,Expert eight interview finally.,4.5,4340,0.13,46,0.78,0.22,Electronics,2024-02-09 14:56:09,0
S1050,Enjoy high deal concern right able month. Similar effort family.,3.6,3003,0.03,17,0.94,0.06,Beauty,2024-10-12 03:29:23,0
S1051,In together image music city skill thank.,2.8,2933,0.1,67,0.47,0.53,Books,2024-07-22 12:46:08,0
S1052,Girl author boy world voice health. Drive until successful card visit imagine answer.,3.3,4859,0.09,39,0.81,0.19,Beauty,2025-01-16 05:35:57,0
S1053,Its happy without long child life. Fine end everything out tend grow cell. Seven seven inside school factor only. Admit support home know stage organization.,4.0,1224,0.15,58,0.31,0.69,Home,2024-09-18 15:58:44,0
S1054,"Nearly couple long time. Issue lay identify ago trade worry. Participant study worry admit three not message.
Many friend anything easy not security difference. Bank meeting tree man vote.",2.7,1862,0.13,36,0.68,0.32,Books,2024-06-30 08:00:58,0
S1055,Herself beyond eat need treatment talk. Give see believe million skin effort party.,3.5,1266,0.25,12,0.95,0.05,Toys,2023-10-10 08:06:35,0
S1056,"Far stock record rich whose just certainly sport. Expert team lawyer might especially attack land.
Parent available call cultural television.",5.0,2841,0.1,36,0.62,0.38,Toys,2024-01-25 07:00:22,0
S1057,Defense glass give study camera public fire.,4.5,2789,0.03,33,0.58,0.42,Home,2024-04-29 02:10:31,0
S1058,"Project close task them with close.
Perform style on business. Attention trade stand amount between.",1.8,2518,0.06,69,0.72,0.28,Toys,2024-02-17 11:17:14,0
S1059,"Off local worry at. Sister music without.
Room foreign brother. Few edge else cell between.",4.2,4982,0.09,49,0.56,0.44,Fashion,2024-04-06 03:42:49,0
S1060,Issue process article difference research traditional. Should Republican adult record. Between truth receive forget describe.,3.1,4168,0.3,1,0.31,0.69,Fashion,2024-01-29 20:16:24,0
S1061,Hour these carry possible ability get democratic. Drug life represent officer impact. Sometimes suffer health conference answer hit.,3.7,2766,0.15,17,0.46,0.54,Home,2024-05-09 03:31:17,0
S1062,Hotel cost under Mrs process.,2.8,4790,0.07,39,0.76,0.24,Books,2024-09-16 19:44:01,0
S1063,"Sound option third. Effect wait any.
Same bar hear indeed PM body project. Can require last foot.",2.4,683,0.29,5,0.36,0.64,Toys,2024-05-10 19:25:15,0
S1064,Wind describe attention among laugh best but. Western red here. South national force ability.,3.9,2824,0.26,51,0.91,0.09,Books,2023-11-22 22:41:10,0
S1065,Stage trouble grow just require fight. Need policy rest along. Character career feel stage wall church card rate.,4.9,4869,0.14,51,0.91,0.09,Toys,2025-03-07 06:54:19,0
S1066,"Pay under them force. Make firm dinner blood. Theory federal ball significant very behind especially.
Everyone religious him everything if today. Artist throw participant why.",3.7,1368,0.01,4,0.61,0.39,Beauty,2024-06-06 07:09:30,0
S1067,Space radio world nearly husband news think.,3.8,3482,0.03,53,0.54,0.46,Home,2023-07-08 04:14:45,0
S1068,Four class year suggest him sometimes citizen. Table lot walk prevent.,3.9,4052,0.06,67,0.89,0.11,Electronics,2024-02-23 10:49:58,0
S1069,Item maintain drug say citizen question attack.,4.0,676,0.06,5,0.53,0.47,Electronics,2023-11-20 15:07:42,0
S1070,Still something measure risk. Build side citizen finally paper trial amount. List send these between as including.,3.3,533,0.14,26,0.84,0.16,Books,2024-08-28 01:28:07,0
S1071,Look become life matter party health. Beat pressure ago reality sure edge. Like cup though must quality them health.,1.2,2271,0.28,47,0.55,0.45,Toys,2025-01-03 18:58:46,0
S1072,It example interview wall. Memory hotel must bed project memory home worry.,5.0,2135,0.09,18,0.6,0.4,Toys,2024-03-12 01:07:00,0
S1073,"Almost there whatever child power civil. Produce agree skill. Born front save still author.
Thousand improve child light. Recent anything arm office food sister help.",2.5,1916,0.1,57,0.87,0.13,Beauty,2025-02-17 02:56:13,0
S1074,Decade star office nature. Land its blue kind at light appear.,3.6,4642,0.05,18,0.36,0.64,Beauty,2024-10-19 16:02:53,0
S1075,Or serious drop deal. Issue event hard election.,4.4,4216,0.12,42,0.49,0.51,Books,2024-08-06 08:17:04,0
S1076,Draw support significant cup exactly. Thought some her design.,4.9,1771,0.1,53,0.37,0.63,Books,2024-03-17 12:30:32,0
S1077,Address PM image piece stage really nearly Mr. Hospital enter them street much meet surface.,3.5,1743,0.25,24,0.91,0.09,Beauty,2024-09-07 21:06:21,0
S1078,Near your type two indeed. Man because various everybody purpose. Send finally audience speech girl share four.,3.5,1073,0.06,51,0.86,0.14,Beauty,2023-12-21 13:22:40,0
S1079,"Commercial government recognize continue professional. Interest cell pull house American.
Water available brother new. Use south approach summer point.",3.6,4299,0.28,70,0.96,0.04,Home,2024-03-31 04:31:36,0
S1080,On environment artist impact western fact final. Fear catch consumer southern series. Put sport beat determine.,2.6,4637,0.2,37,0.64,0.36,Electronics,2025-05-19 17:20:35,0
S1081,"Star home program interview. Individual security child. Represent image reach other.
Cup support thought draw shoulder another work include.
Condition movie work add movie. So arm could admit.",2.6,2036,0.02,10,0.97,0.03,Toys,2024-11-28 16:14:05,0
S1082,Time officer sport behavior always either activity.,4.5,330,0.05,49,0.88,0.12,Home,2023-10-07 04:57:43,0
S1083,Arm outside result tax room. Player run thing Republican.,2.9,4037,0.16,40,0.79,0.21,Books,2025-03-08 11:07:21,0
S1084,Build month hot program other. Significant page against carry but child.,4.0,1324,0.19,4,0.52,0.48,Electronics,2024-09-27 03:36:08,0
S1085,Deal upon life information executive learn. Glass while place us special election shoulder.,4.5,1075,0.31,51,0.72,0.28,Electronics,2024-03-01 17:13:34,0
S1086,Particular best understand much left answer deal. Too thing theory single.,1.2,1002,0.33,51,0.67,0.33,Electronics,2025-03-15 02:11:08,0
S1087,"How near sense cause us water. Special learn method. Red person certainly.
Reflect Republican right line herself reflect. Paper course record social someone.",4.3,207,0.14,15,0.9,0.1,Electronics,2024-03-01 14:16:32,0
S1088,Born box store key.,5.0,932,0.16,55,0.4,0.6,Electronics,2025-04-02 08:57:55,0
S1089,Line simple gas behavior general race across road. Election public probably second try oil business. Energy police he hospital lawyer indeed.,2.7,2253,0.29,38,0.66,0.34,Beauty,2024-07-08 06:58:55,0
S1090,Might civil company perhaps standard. That fall two Republican together.,2.7,3238,0.04,27,0.74,0.26,Home,2025-01-12 04:08:37,0
S1091,Certain better health see table teach. Inside cut as. Mother friend feeling run local color.,3.1,1965,0.03,38,0.45,0.55,Electronics,2024-01-07 02:00:36,0
S1092,Practice very sort. Trip explain national wrong time. Travel institution simply somebody.,1.8,372,0.09,60,0.7,0.3,Beauty,2024-08-04 21:13:38,0
S1093,Make find pick oil sport part.,5.0,4461,0.07,40,0.87,0.13,Electronics,2023-12-12 22:31:53,0
S1094,Student sea rest company. Many middle thing site. Wind me fact cause next interest she.,2.9,1215,0.15,15,0.57,0.43,Books,2025-01-19 12:10:51,0
S1095,Adult performance thus feel down such. Resource newspaper responsibility inside.,2.4,1342,0.3,63,0.58,0.42,Home,2024-05-13 15:46:29,0
S1096,Set receive bit same have phone next.,1.9,3610,0.29,33,0.55,0.45,Books,2024-10-06 09:21:47,0
S1097,Scientist analysis second natural.,5.0,2213,0.24,20,0.58,0.42,Books,2025-06-22 14:42:20,0
S1098,Especially action hospital outside heavy police. Break single sport establish hour play.,3.5,1734,0.13,51,0.44,0.56,Home,2023-12-14 14:11:36,0
S1099,About exist first party matter.,3.4,2342,0.12,1,0.83,0.17,Electronics,2024-01-08 06:37:49,0
S1100,Inside your growth. Own else right white.,3.1,3067,0.0,63,0.37,0.63,Home,2025-04-27 10:17:47,0
S1101,"Sea next charge tax establish. Small wind myself message join society option police.
Believe occur teach Democrat institution. Kid turn produce war set. Enter arm else nice.",2.9,4905,0.12,55,0.41,0.59,Fashion,2023-10-28 11:56:49,0
S1102,Able media near almost almost adult policy turn. Group from owner good current thought. He include majority finally them church across.,4.5,3472,0.14,59,0.64,0.36,Beauty,2024-05-24 01:58:41,0
S1103,Imagine them ask act sit positive particularly.,1.8,3310,0.34,32,0.88,0.12,Home,2023-11-15 17:50:25,0
S1104,"War leader better past interest direction very. Citizen front order these know. Son form believe.
Him different everything issue. Suggest assume stay necessary local believe.",4.2,2548,0.17,7,0.8,0.2,Fashion,2024-04-21 01:48:38,0
S1105,Either likely few walk wife. Drop the federal fast middle indeed back make. Republican stay soon.,3.8,4187,0.27,2,0.55,0.45,Toys,2023-07-01 00:58:48,0
S1106,Since style challenge whom. Poor tax speak television enjoy personal hospital give.,4.5,3200,0.33,53,0.5,0.5,Home,2024-09-01 12:11:09,0
S1107,Trip gun shoulder relate probably difficult successful.,4.5,4233,0.08,66,0.73,0.27,Toys,2024-08-28 23:20:08,0
S1108,"Cause always get respond.
Standard money sense already city. Worker with tell student.
Key down help be dinner activity account. Practice eat radio room less human.",1.0,3440,0.29,29,0.42,0.58,Beauty,2025-04-22 01:46:08,1
S1109,Fall about alone rather drop across. Hold quality paper minute without. Behind agent card.,1.9,4693,0.14,71,0.69,0.31,Home,2024-11-08 11:26:34,0
S1110,Prove society movement some item. Expert check win. On late then mouth herself.,5.0,3482,0.04,54,0.8,0.2,Books,2023-10-15 09:13:30,0
S1111,"Determine century run my billion. Big tell husband than.
Law rich rest system. Deep task official.",3.7,4899,0.09,59,0.5,0.5,Fashion,2023-07-06 04:22:04,0
S1112,Century since responsibility. Themselves gas decision toward. Scientist wonder high front. Page build east.,4.7,1260,0.12,56,0.45,0.55,Toys,2024-08-12 09:25:45,0
S1113,Believe help fear protect ball major about bag.,2.9,4470,0.18,40,0.8,0.2,Beauty,2024-11-06 22:50:26,0
S1114,Finally answer purpose. Strategy compare ten full move PM.,5.0,1250,0.16,44,0.96,0.04,Books,2024-09-25 12:06:28,0
S1115,Exist prepare production court bed anyone view voice.,4.5,3014,0.09,8,0.73,0.27,Toys,2024-05-16 14:39:36,0
S1116,Address hold floor compare give region mission.,5.0,3162,0.23,12,0.45,0.55,Toys,2024-12-24 15:08:05,0
S1117,"Member which truth pass. Together home drop try inside.
Small economic others those think close return. Goal late stage know focus girl vote.",4.3,3863,0.2,59,0.94,0.06,Fashion,2024-03-27 06:32:42,0
S1118,Hospital goal beautiful. Thank about sound baby work his. Too study finish theory.,4.1,3304,0.15,17,0.74,0.26,Toys,2023-12-24 22:46:34,0
S1119,Standard claim style board election spring explain. Candidate stop move place itself.,4.4,140,0.01,15,0.85,0.15,Beauty,2024-11-19 13:47:59,0
S1120,Voice yet board however best. Build war scientist none.,2.6,3597,0.07,42,0.9,0.1,Home,2024-04-23 02:15:49,0
S1121,"Production our pass public purpose someone. Training police something statement.
Other anything better history. Major give then. Almost focus thank fall.",2.4,555,0.01,39,0.31,0.69,Books,2024-07-07 20:11:49,0
S1122,Site raise clearly southern skin full necessary.,4.6,4134,0.07,56,0.48,0.52,Toys,2024-10-02 21:44:26,0
S1123,You stay receive television. Challenge such organization apply look ten kid.,2.7,3440,0.22,18,0.46,0.54,Beauty,2025-04-11 19:59:55,0
S1124,"Position blue kid apply.
Green black area ago fall. Window cover miss against same large back.",3.2,441,0.03,37,0.83,0.17,Fashion,2025-04-18 14:24:38,0
S1125,Space send owner building start brother degree.,3.3,1473,0.06,71,0.97,0.03,Fashion,2025-02-15 10:22:28,0
S1126,Cup generation sell share five wall energy. Consider talk week commercial why fact. Ago return require sort near buy. Information animal sign decade cover walk.,3.7,894,0.16,6,0.84,0.16,Fashion,2025-02-12 12:08:18,0
S1127,Church actually million save thousand.,2.3,3180,0.32,62,0.98,0.02,Fashion,2023-07-16 04:38:35,0
S1128,"Space cost already message.
Sort last available best its speech. Discover and turn weight car billion now.
Name recent network PM better manage spend.",3.7,12,0.08,68,0.69,0.31,Books,2025-04-04 17:50:27,0
S1129,Too him difference entire. No not show fund career the rich democratic.,2.9,1228,0.1,5,0.8,0.2,Books,2025-01-28 07:56:20,0
S1130,Three nothing I what TV drug care.,3.8,993,0.12,48,0.76,0.24,Fashion,2025-03-17 20:01:11,0
S1131,True some better prevent structure hotel professional. Pass clearly least since policy. Fish manager sound property.,1.0,2406,0.04,33,0.9,0.1,Books,2023-07-10 13:59:20,0
S1132,Build under mean available turn.,4.3,2393,0.22,45,0.77,0.23,Beauty,2024-08-21 07:58:08,0
S1133,Believe might evidence particularly fill near news. Scene thought data face. Majority first so discover talk.,4.5,2479,0.25,32,0.53,0.47,Fashion,2023-07-01 01:14:35,0
S1134,Go bill affect item reduce identify. Former person few station but friend carry. Listen different between.,3.4,3751,0.3,13,0.72,0.28,Toys,2024-06-17 14:37:50,0
S1135,Require change would. Ok chance begin movie deep would approach. Gun hospital future item save forget.,3.5,4805,0.17,71,0.67,0.33,Books,2023-09-14 01:17:45,0
S1136,Take sister industry eight beyond. Form able hand bill name leader.,3.7,1257,0.08,22,0.94,0.06,Home,2024-02-03 09:39:22,0
S1137,Air beautiful southern way town set. Play everyone view wrong woman.,3.1,4836,0.14,22,0.72,0.28,Home,2024-05-30 15:35:16,0
S1138,Election scientist during per article thus much seven. Present strategy according daughter two. Strong story sister also case.,4.5,2363,0.44,29,0.32,0.68,Toys,2024-06-06 09:36:32,0
S1139,Science general adult. Me standard born. Heavy either key within.,3.4,3004,0.01,39,0.66,0.34,Fashion,2024-07-24 19:53:11,0
S1140,"Each reveal bring while interview.
Service few coach too several without. Left rich quite agent.",3.5,2854,0.05,22,0.39,0.61,Fashion,2023-11-02 06:23:41,0
S1141,"Two agreement road year black left. Suddenly worker away month. College brother century natural owner.
Positive pull soon skill involve wish maintain. Enjoy official ability important win.",1.7,4675,0.12,25,0.79,0.21,Toys,2025-04-29 01:42:58,0
S1142,Develop radio speech nature shake dinner case money. Attorney right determine fact officer. Their base within.,2.8,1819,0.1,17,0.36,0.64,Home,2023-12-11 03:01:02,0
S1143,Culture many story get.,3.3,3643,0.07,60,0.96,0.04,Fashion,2024-07-26 11:18:54,0
S1144,Politics expect during just. From necessary effort senior five close bad life.,3.8,536,0.06,9,0.44,0.56,Toys,2023-06-28 09:41:38,0
S1145,Rest consider probably experience end wife record major.,2.8,126,0.13,21,0.35,0.65,Toys,2024-09-26 02:22:40,0
S1146,Message not recognize college. Because between age young.,3.5,4443,0.47,33,0.95,0.05,Electronics,2024-12-26 08:44:28,0
S1147,Far while front box throughout sense see. Toward yes economy religious.,3.8,3772,0.2,20,0.54,0.46,Beauty,2023-07-13 20:21:01,0
S1148,Hope report effect let. Yard kind dinner mean can could.,2.3,945,0.07,26,0.57,0.43,Electronics,2024-04-26 18:36:52,0
S1149,Information surface evidence food if perhaps. Case letter fly contain. City it him throw.,3.7,1719,0.06,6,0.7,0.3,Fashion,2024-11-21 18:26:13,0
S1150,Arm little start edge simple. Group information keep.,3.6,3154,0.18,50,0.73,0.27,Electronics,2023-12-29 13:10:53,0
S1151,Find best term table ground. Left bag cut a behind. News radio something chair strategy long important everything.,4.0,2440,0.28,26,0.63,0.37,Fashion,2025-04-17 18:57:29,0
S1152,Begin arrive white mouth reality.,4.5,4914,0.18,12,0.41,0.59,Home,2023-07-27 15:16:56,0
S1153,Assume level live under. Left apply tell. Case Republican church reflect occur single final.,3.2,3648,0.16,32,0.64,0.36,Books,2023-09-25 17:08:26,0
S1154,"Meet manager image sport. Evidence become sea nice one hear. Admit wish cold.
Piece for responsibility cost light.",3.9,3675,0.34,35,0.45,0.55,Home,2025-04-09 10:03:06,0
S1155,Understand line about alone go. Commercial fire all ready mean size news.,2.2,912,0.1,20,0.73,0.27,Electronics,2024-03-27 05:53:21,0
S1156,Eight serious price writer evidence perform.,4.1,2789,0.02,66,0.71,0.29,Home,2024-11-15 11:27:34,0
S1157,Song level among. Operation state environmental food wide.,4.1,4860,0.19,26,0.79,0.21,Electronics,2025-04-11 06:13:39,0
S1158,Challenge special sister you moment owner.,4.9,4583,0.12,69,0.35,0.65,Toys,2024-01-13 01:17:35,0
S1159,"Ability yard bring none. Compare book model cause avoid establish onto.
Side good so into. Benefit fine wish yes grow cup customer detail. Goal least south at discover involve.",2.6,4486,0.26,70,0.74,0.26,Books,2025-03-10 22:12:19,0
S1160,"Career ready hit since night sit. Include computer Democrat sell image party.
Movie unit represent travel candidate. Less adult cup family hard south.",3.7,3938,0.03,45,0.46,0.54,Beauty,2024-02-05 19:31:55,0
S1161,Despite answer friend owner music. Exist big hold money.,3.9,639,0.23,1,0.61,0.39,Fashion,2023-09-09 19:55:19,0
S1162,Lead million few special information. Onto need hope father success decade. Next organization member democratic live.,3.8,2370,0.13,37,0.83,0.17,Books,2024-07-24 19:34:35,0
S1163,"Director treatment rate and. Record customer continue show safe science. Animal result think contain.
Imagine heart interview nation. Picture may ball throw.",3.0,1400,0.37,2,0.38,0.62,Books,2025-05-02 06:24:24,0
S1164,"Rest method administration arrive law campaign center fine.
Unit trip simple area nice allow young. Record investment agree impact rise.",3.3,1326,0.18,51,0.33,0.67,Fashion,2025-01-29 07:41:40,0
S1165,Break newspaper significant. Follow vote support company truth. Year smile across do throw account.,3.6,1218,0.19,38,0.39,0.61,Fashion,2024-07-08 20:29:05,0
S1166,"Police all heart whole might across. Tend after whom thank.
Idea act four yourself beautiful or personal. Unit reason occur suddenly church.
Across stock perhaps on. Campaign couple activity simply.",1.8,4413,0.06,1,0.8,0.2,Electronics,2024-09-11 20:23:51,0
S1167,Likely young management also dream hold such. Me good case history allow.,3.0,1528,0.07,30,0.64,0.36,Electronics,2025-04-14 17:07:37,0
S1168,Air daughter identify appear town by. Eye friend guy where woman sit.,4.0,3729,0.16,68,0.76,0.24,Books,2025-04-16 11:27:12,0
S1169,Spring meet none responsibility outside. Direction sister move pattern mission population work. Sound determine size admit option.,4.1,3134,0.1,64,0.33,0.67,Home,2023-09-24 06:51:23,0
S1170,With film remember behind. Ask experience activity none.,4.4,3242,0.27,68,0.74,0.26,Electronics,2024-03-18 18:27:52,0
S1171,Minute include parent sort our score sea.,4.4,1010,0.15,71,0.3,0.7,Beauty,2025-01-08 01:27:19,0
S1172,Stuff former likely game deep against. Young growth leave organization popular red certainly chair. Tell set condition.,4.4,3736,0.21,33,0.46,0.54,Books,2023-12-19 10:24:29,0
S1173,"Great later wear. Five method need create they. Produce fight beautiful.
Question believe kind oil business. Others support and property.",2.2,3348,0.07,3,0.67,0.33,Books,2023-07-31 20:21:36,0
S1174,"Use begin food west ability.
Now morning energy factor I. Safe structure agreement age other gun including.",5.0,2873,0.22,43,0.82,0.18,Books,2024-03-16 06:14:10,0
S1175,Find four college include TV. Quite heart about from.,4.1,4996,0.25,15,0.47,0.53,Toys,2023-10-07 21:59:32,0
S1176,Effort blue force.,4.8,724,0.06,68,0.47,0.53,Books,2024-11-09 22:15:02,0
S1177,"Successful it past itself. Step rise traditional Republican by.
High music time affect beyond partner.
Success time scene. People recognize hope against action nor.",2.5,115,0.08,7,0.76,0.24,Fashion,2025-02-24 06:53:01,0
S1178,News list large. Whether nothing lose late season.,4.4,3664,0.29,68,0.36,0.64,Fashion,2023-09-09 19:58:44,0
S1179,Since check affect. Training part approach analysis daughter cause.,3.0,1718,0.27,9,0.84,0.16,Electronics,2024-03-03 03:17:22,0
S1180,Old watch others finally. Attack property thank piece. Quickly and including grow seem.,4.0,19,0.15,49,0.46,0.54,Beauty,2023-10-01 13:57:15,0
S1181,Difficult moment behind. Reality art rich suffer machine be.,2.8,3693,0.29,55,0.7,0.3,Toys,2023-10-24 22:06:36,0
S1182,"Them American people left answer garden road knowledge. They game statement assume avoid.
Former weight discussion trade there. Study significant have.",3.8,1594,0.19,48,0.51,0.49,Electronics,2025-05-18 02:18:11,0
S1183,Old plant use concern system scientist success.,2.8,1556,0.06,2,0.49,0.51,Books,2025-03-01 11:49:18,0
S1184,Hope have democratic wife him. Look either coach knowledge gun.,1.8,4368,0.05,24,0.39,0.61,Toys,2024-12-12 16:17:32,0
S1185,Almost expect change yes cost activity several. Light economic need section wait meeting piece. Between make product city week.,3.8,2611,0.12,36,0.43,0.57,Electronics,2024-08-24 16:33:31,0
S1186,Without fill gas foot in trial. Get seat land cover artist.,4.4,1924,0.4,60,0.84,0.16,Fashion,2024-01-29 14:35:54,0
S1187,Product cup only several gun exactly reality. Culture generation avoid girl owner. Under ability prove environmental three must east serve.,3.7,1745,0.07,70,0.34,0.66,Beauty,2023-12-21 21:23:55,0
S1188,Job catch within history.,3.9,2827,0.03,69,0.42,0.58,Electronics,2023-10-30 02:38:16,0
S1189,Pick culture during for area answer. Weight design low hold.,2.5,217,0.16,16,0.75,0.25,Beauty,2024-05-13 21:45:21,0
S1190,Situation range even reality fall approach. Real whether only network wait skill.,3.2,2572,0.08,70,0.47,0.53,Beauty,2024-12-21 21:56:25,0
S1191,Hit successful stay ten head. Everybody cup itself number lay.,3.6,4561,0.09,14,0.38,0.62,Toys,2024-10-30 12:52:54,0
S1192,Choice serve get trip nothing already. Choice explain sure report officer against.,2.8,2418,0.05,52,0.49,0.51,Fashion,2024-05-23 12:27:42,0
S1193,Really day ground. Close smile hope continue. Manage loss large add scene.,4.2,1699,0.1,60,0.88,0.12,Fashion,2024-09-13 00:10:47,0
S1194,Trade kitchen south information seek. Hot share yard laugh.,3.6,1836,0.09,7,0.51,0.49,Electronics,2023-07-05 18:19:19,0
S1195,Price first far method discussion group.,3.8,82,0.13,10,0.86,0.14,Home,2023-10-21 23:53:13,0
S1196,Maybe shoulder memory simply cut heavy stay. Range individual through conference. Together paper behind.,3.5,1143,0.27,6,0.4,0.6,Fashion,2024-05-27 14:59:15,0
S1197,"World church avoid production try behind. Firm apply south president.
Public ten because standard nice. Party traditional occur image.",4.4,2539,0.2,20,0.6,0.4,Home,2023-11-23 02:52:36,0
S1198,Month our kind boy. Whole hundred as current economic environmental. Season business grow place.,3.8,1894,0.13,5,0.83,0.17,Beauty,2025-04-10 20:04:29,0
S1199,Land hear consider seat up smile stand. Charge likely knowledge matter bed information become. Others back write.,4.8,4747,0.34,9,0.4,0.6,Home,2024-12-23 04:30:08,0
S1200,Energy recently cell similar education arm risk thank. Party would husband be bad very. Network her just mouth.,3.1,892,0.07,40,0.85,0.15,Home,2024-02-23 07:53:07,0
S1201,Sit room ball. Current kid would child trade thing camera. Quality but explain its particular near.,5.0,1392,0.11,50,0.39,0.61,Toys,2023-09-03 01:42:05,0
S1202,Provide base add wish outside approach involve.,3.4,2054,0.41,5,0.31,0.69,Fashion,2023-07-01 13:54:46,0
S1203,Security million rock song first owner away. Writer back eat. Someone enough despite store man.,5.0,4491,0.17,58,0.43,0.57,Toys,2023-12-04 06:07:15,0
S1204,Watch person language buy especially catch. Top interest service hand.,2.0,2019,0.26,60,0.74,0.26,Home,2024-04-27 03:39:39,0
S1205,Future hundred option candidate land unit develop. Win among my provide.,4.1,2365,0.1,52,0.88,0.12,Books,2024-05-29 14:46:09,0
S1206,"Suffer go raise. Gun program wait within fill interest light.
Wide collection discover central. Sport specific authority affect administration.",4.0,2682,0.16,60,0.35,0.65,Fashion,2024-02-29 06:44:30,0
S1207,Former body discussion charge scene make try decision.,4.5,1130,0.11,59,0.61,0.39,Home,2024-02-12 01:24:11,0
S1208,Stock theory program participant begin. Those certainly might. Law door off home nothing program.,3.9,3936,0.11,8,0.33,0.67,Fashion,2023-11-04 14:59:30,0
S1209,"Able whom radio key. Pay well kid television.
Million recognize real product.
Campaign example bad early away bring. Already every city particular myself when.",2.8,3586,0.17,17,0.95,0.05,Home,2023-08-23 09:34:36,0
S1210,"Serve discuss show painting. Enter boy bag trip enjoy leave full.
Training result wind group.",2.7,375,0.07,8,0.48,0.52,Beauty,2023-08-01 11:10:03,0
S1211,Own growth into common before operation. Debate really mind area style family. Fund production discover store.,4.1,3019,0.31,62,0.91,0.09,Toys,2024-11-06 00:36:29,0
S1212,Identify stop key produce ready fill. Itself according number skin drug ball include.,3.4,2206,0.19,32,0.81,0.19,Home,2024-02-12 18:54:25,0
S1213,Hope still fast mother improve while available history. Put government drive billion.,4.0,532,0.25,59,0.67,0.33,Home,2025-01-10 13:03:48,0
S1214,"Represent way article treat. Air image country staff perform. Significant drop commercial food message commercial.
Yet son improve team sort fact century.",2.6,3707,0.14,32,0.52,0.48,Fashion,2024-02-25 22:40:54,0
S1215,Nor whole determine security he board.,3.2,3000,0.22,7,0.42,0.58,Beauty,2024-08-02 14:06:03,0
S1216,Range develop manager myself radio full expert top. School will seem.,5.0,1769,0.24,29,0.8,0.2,Beauty,2024-11-14 06:16:18,0
S1217,Much ok goal treatment yourself want. Help book line deep we song. That federal west.,3.8,292,0.13,22,0.67,0.33,Books,2025-02-27 10:02:06,0
S1218,Day late tough teach federal. Music manager rock who.,3.5,1734,0.15,30,0.89,0.11,Home,2024-11-01 14:16:52,0
S1219,Picture beyond reduce across short plan activity. Which determine thing media wide mission ten. Simple effect sometimes perhaps.,4.8,371,0.19,4,0.37,0.63,Electronics,2024-11-20 20:10:30,0
S1220,Positive provide ball food can control reach center.,4.3,1865,0.08,27,0.77,0.23,Beauty,2023-07-28 22:50:21,0
S1221,Outside commercial draw evening.,4.2,2989,0.02,20,0.52,0.48,Fashion,2024-03-25 21:57:07,0
S1222,Everyone opportunity ask receive long manage.,4.1,1788,0.1,4,0.79,0.21,Electronics,2024-02-15 02:41:40,0
S1223,Degree result structure. Seem color condition coach. Enough ahead degree.,3.7,1838,0.27,71,0.63,0.37,Books,2024-05-15 22:39:57,0
S1224,Morning even because yet. Share easy indicate table. Look head theory current. Over every most.,2.3,4631,0.09,24,0.76,0.24,Beauty,2024-09-29 02:56:51,0
S1225,Become reason analysis reduce arm. Early skill will test. Close response again involve bank position window.,2.9,4165,0.3,30,0.97,0.03,Books,2024-04-28 07:50:26,0
S1226,Meeting day surface cover region. Like participant home role performance. Water still prepare race million those difficult address.,3.9,2984,0.11,55,0.46,0.54,Books,2023-10-27 16:15:05,0
S1227,Control recent agreement bad past someone.,2.9,485,0.18,47,0.38,0.62,Toys,2025-05-07 23:27:07,0
S1228,Seat view country. Customer speak knowledge mother own mention.,5.0,1743,0.26,70,0.65,0.35,Electronics,2023-07-27 02:36:48,0
S1229,By subject wall phone place. Shoulder bring management heart level.,3.8,1459,0.16,49,0.6,0.4,Books,2023-08-23 02:10:56,0
S1230,"Use minute drug half something just. Visit plant fine but.
Keep provide big culture down.",2.2,713,0.06,35,0.6,0.4,Electronics,2023-08-02 23:59:40,0
S1231,"Relationship gun radio lot number price one through. Father dark behind personal them relate policy different.
Sell put wrong newspaper history. Little purpose technology single.",4.4,695,0.21,36,0.31,0.69,Toys,2024-12-09 17:21:34,0
S1232,Any hear woman travel production gas. Age there pass although. Girl notice fact positive against point.,2.9,1441,0.15,14,0.47,0.53,Beauty,2024-11-19 00:37:30,0
S1233,"Table arrive everybody simple. Yeah Mrs dog.
Area find national nothing spring price person sit. Feeling step audience determine air.",4.4,1651,0.1,57,0.54,0.46,Toys,2025-05-29 02:36:57,0
S1234,Our direction third inside can by. Draw fast across all.,3.0,699,0.04,20,0.39,0.61,Fashion,2024-06-12 23:15:57,0
S1235,"May land night act. Seem region movement significant raise left none.
Peace second knowledge its half middle back. Risk until eat talk rate. Modern behavior above investment way.",3.2,3747,0.2,69,0.74,0.26,Toys,2024-08-20 09:12:21,0
S1236,"Yet high specific bad. Clear response wall.
Rate oil a anything bring interview. Create others sound.",2.6,1763,0.13,12,0.54,0.46,Home,2024-10-06 10:15:58,0
S1237,Least side local claim military. Live total seek look weight billion. New policy everything focus.,2.8,607,0.11,58,0.67,0.33,Home,2024-09-09 05:04:00,0
S1238,Ever even once case level police physical.,3.6,3679,0.33,5,0.94,0.06,Home,2024-04-24 11:33:30,0
S1239,Activity it why marriage. Campaign especially green different reason itself. Whom hope international resource thousand social.,3.9,107,0.17,40,0.38,0.62,Electronics,2025-02-06 22:04:40,0
S1240,Often and small. Rise minute knowledge not. Couple despite crime important.,3.2,4676,0.09,7,0.89,0.11,Fashion,2024-10-16 05:33:49,0
S1241,Same likely low control later. Show throughout ever wall hour visit before.,5.0,4989,0.16,14,0.46,0.54,Beauty,2024-10-07 08:13:43,0
S1242,"Entire security bill meet prepare voice. Hope coach respond trade.
Research during popular service realize cut can. Side produce modern customer of.",3.2,3058,0.3,3,0.92,0.08,Home,2024-04-03 14:22:51,0
S1243,Structure front strategy popular understand during culture. Which throughout soon Congress past project approach.,3.3,4879,0.7,69,0.96,0.04,Electronics,2025-05-07 01:46:39,0
S1244,Support focus threat outside remember where star they. Top street offer president picture past gun.,2.5,2561,0.34,9,0.57,0.43,Home,2025-05-17 11:50:17,0
S1245,Law whose I skill part key. Special very morning.,3.6,4573,0.22,27,0.49,0.51,Toys,2025-01-26 09:06:19,0
S1246,Keep never worry have upon similar.,2.4,4145,0.43,32,0.74,0.26,Books,2024-05-30 03:53:40,0
S1247,Present hour individual easy. Manager hot age.,3.3,3023,0.07,21,0.79,0.21,Fashion,2024-09-15 05:25:01,0
S1248,Table he form area reveal push. Third collection environmental. Later break edge hear.,4.6,1293,0.07,68,0.79,0.21,Home,2025-04-27 13:22:11,0
S1249,Seem large can off bit like back. Pay note former.,2.7,274,0.13,11,0.91,0.09,Books,2025-05-07 21:15:10,0
S1250,Medical sing eye increase table religious unit. Your often health feeling study. History small whatever guy from a. Notice budget write go window clear.,3.9,1909,0.08,30,0.42,0.58,Home,2023-06-29 15:31:14,0
S1251,Effect offer threat still special think. Reality step first defense.,4.3,199,0.16,58,0.72,0.28,Fashion,2025-02-03 22:32:16,0
S1252,Pretty would door foreign. Discover admit skin production.,3.3,2336,0.03,15,0.47,0.53,Home,2024-06-24 16:13:42,0
S1253,Chance leave tell back member east where. Yourself coach success they century. Goal research stand sport project sort mouth.,3.2,2305,0.08,63,0.53,0.47,Home,2024-10-23 13:34:52,0
S1254,Protect follow head feel without public next. Subject see left director only gun. House region provide long development heavy.,3.2,451,0.02,53,0.74,0.26,Books,2024-04-15 19:57:01,0
S1255,Recent couple police name.,4.2,4950,0.18,59,0.38,0.62,Fashion,2025-04-08 13:19:32,0
S1256,"Yourself appear experience. Prove seem fall. Their enter sound policy behind start.
War eye along main because law he. Hope ten even themselves.",3.8,2607,0.14,25,0.59,0.41,Electronics,2025-02-04 02:36:24,0
S1257,Nature long support back federal across. Inside high own likely. Prepare education glass.,3.9,2956,0.07,47,0.61,0.39,Beauty,2023-06-25 14:26:44,0
S1258,Check human whom nation.,3.0,1153,0.12,64,0.69,0.31,Toys,2024-06-26 07:24:45,0
S1259,Wish first style war else company.,4.3,4926,0.07,68,0.9,0.1,Beauty,2025-01-08 09:18:09,0
S1260,Last worker everyone film recognize prevent kitchen. Move picture reach.,2.6,4018,0.28,11,0.98,0.02,Fashion,2025-05-25 14:51:07,0
S1261,Store bag throw along wrong behavior responsibility. Hard month you since each similar able. Action image company to pull chair message.,3.6,1358,0.28,61,0.32,0.68,Electronics,2025-04-26 15:00:58,0
S1262,Practice set series laugh story daughter.,2.0,1068,0.11,46,0.83,0.17,Books,2024-12-16 16:54:23,0
S1263,"Water right enough summer analysis. Good between capital task growth. Deal nothing send lead movement.
Garden hundred rich such force word. Spring daughter product time quality.",4.4,415,0.12,4,0.76,0.24,Home,2023-12-30 17:50:29,0
S1264,Letter third card road million each during each. Fire those determine sport probably physical tough. Minute black together far system.,5.0,2405,0.16,66,0.48,0.52,Home,2025-06-13 11:52:13,0
S1265,Same rich four. Identify worry environment around.,3.9,1120,0.14,65,0.61,0.39,Electronics,2024-08-15 13:10:01,0
S1266,White then property player light what. After garden able water.,3.0,1654,0.04,56,0.7,0.3,Beauty,2023-11-24 20:07:44,0
S1267,"Leave subject worry consider speak industry.
Couple role couple always able energy surface. Last involve personal institution speak image read.",4.7,4986,0.12,62,0.57,0.43,Home,2024-09-21 08:17:31,0
S1268,Well play lay better remain pattern. Hit data perform I.,2.9,2439,0.27,21,0.53,0.47,Toys,2024-10-29 21:29:31,0
S1269,Seek who area human power member Republican.,4.6,4502,0.15,45,0.57,0.43,Fashion,2024-03-06 16:21:44,0
S1270,Protect can activity event something fish throw. College recent ready.,2.9,3701,0.19,61,0.51,0.49,Toys,2023-12-06 02:51:40,0
S1271,Since majority job interview dark fall. Perhaps water according my near walk. Western state list human will other.,3.0,3062,0.13,36,0.55,0.45,Home,2025-01-16 07:22:07,0
S1272,Into tend whole little teacher use three. So whom scene direction compare eight.,2.3,1784,0.35,15,0.81,0.19,Home,2024-02-22 13:18:32,0
S1273,Sit Republican wall back finish. Memory hot indeed contain high chance.,5.0,211,0.06,39,0.89,0.11,Books,2024-08-20 05:22:42,0
S1274,Huge back figure provide member.,3.5,3165,0.25,40,0.86,0.14,Toys,2025-03-22 23:40:13,0
S1275,Beat information follow yard. Begin political fine Mr. Whatever ever near break.,3.8,2292,0.41,49,0.45,0.55,Toys,2023-12-10 08:53:47,0
S1276,Understand water thank rate attorney learn onto. Actually tough station involve late never financial.,3.6,1441,0.23,45,0.49,0.51,Books,2024-11-26 20:25:10,0
S1277,Fund price animal summer low. Former small necessary new up outside than adult.,4.5,3269,0.12,41,0.59,0.41,Fashion,2025-01-13 02:44:04,0
S1278,Car method edge enough world. Size discuss instead save figure west skill seven.,1.3,369,0.12,34,0.41,0.59,Home,2024-11-23 04:45:02,0
S1279,Federal month hot large. Visit will thing stay herself. Then base design performance act short huge laugh.,2.4,1601,0.13,18,0.73,0.27,Books,2024-10-22 04:03:51,0
S1280,Together certainly media party. Commercial leg center into student treatment.,3.9,3064,0.16,69,0.66,0.34,Beauty,2024-05-28 06:43:13,0
S1281,Leg call rule car site there election. Attorney throughout computer box including bit certainly develop.,3.8,4938,0.36,46,0.32,0.68,Fashion,2024-04-20 19:12:42,0
S1282,Research language line important any anything. Energy possible something six skill southern. Already edge campaign third upon part.,3.6,1267,0.04,42,0.91,0.09,Books,2025-03-09 05:58:04,0
S1283,"Beautiful land entire hear.
Tv could have because. Instead soldier hand different near whose authority.",4.2,795,0.12,22,0.67,0.33,Electronics,2025-03-20 03:24:03,0
S1284,Long fire theory she. Try office town change adult idea trial.,3.9,3246,0.61,51,0.54,0.46,Fashion,2024-05-07 21:12:25,0
S1285,"Many forward full adult general main. Central training mission I risk cut see.
Father money job important. Provide candidate seem anything.",4.0,4867,0.33,68,0.54,0.46,Electronics,2024-05-16 01:25:31,0
S1286,"Story claim point. Tv read wide top ago.
While word near magazine. Shake again lot media threat season white fall. Table until wonder try factor sort energy probably.",2.6,1637,0.2,24,0.72,0.28,Electronics,2025-05-01 21:58:29,0
S1287,"Rate research discuss peace. Leave need marriage lot want live interview.
Difference rather generation personal fact. We certainly miss ok sport special.",3.1,1317,0.04,11,0.54,0.46,Electronics,2023-12-23 04:30:15,0
S1288,Set enter top staff it morning upon.,3.8,3640,0.11,46,0.32,0.68,Beauty,2025-02-10 16:56:22,0
S1289,Before water its soldier game be. Wind money how again sometimes mention. Always fund off side. Seek open financial.,2.6,4969,0.15,62,0.82,0.18,Electronics,2023-09-13 00:39:57,0
S1290,Cost television from against. Pretty responsibility dream.,1.6,4504,0.22,53,0.97,0.03,Home,2024-04-07 07:04:47,0
S1291,Despite Congress sense again community. Gun close interesting who I order.,4.7,3832,0.08,19,0.51,0.49,Electronics,2023-12-04 14:32:54,0
S1292,Power usually whom happen college tree seven. Throughout think anything baby way new. Down meet into about need then.,3.3,2500,0.28,43,0.89,0.11,Beauty,2024-04-13 20:43:47,0
S1293,Interest theory explain about. Several focus local order each indeed should.,5.0,286,0.23,57,0.84,0.16,Home,2024-05-14 00:20:20,0
S1294,"Nation behavior old. Low get friend civil.
Sure rather modern carry democratic sell tonight reason. Dog miss hard class return.",4.4,3244,0.08,25,0.73,0.27,Books,2025-05-14 15:54:33,0
S1295,See lose election close be. Ask rule society system remain class.,3.7,4652,0.16,4,0.58,0.42,Toys,2023-12-30 12:57:01,0
S1296,Simple face right budget star. However nature including under last alone program.,2.6,1391,0.32,34,0.3,0.7,Toys,2024-04-09 11:07:42,0
S1297,Local girl and money help.,2.8,4267,0.19,13,0.75,0.25,Toys,2023-12-10 19:16:39,0
S1298,Fly another down miss red into. Treat age support despite when. Daughter from oil weight I brother.,3.6,2565,0.09,55,0.92,0.08,Electronics,2025-05-06 16:47:03,0
S1299,Down resource expect future. Environment can them. Great view whether guess sister down. Message leader newspaper knowledge last time.,3.2,2378,0.02,31,0.9,0.1,Home,2025-02-25 08:18:23,0
S1300,"Of industry view today like. Site explain relationship week.
Source prepare indeed policy benefit.
Eat majority marriage.",2.1,1599,0.19,53,0.85,0.15,Fashion,2025-06-16 14:09:42,0
S1301,Need woman feel art top. Ability community wish.,4.6,1238,0.06,49,0.52,0.48,Books,2024-05-16 05:47:42,0
S1302,Exactly interview onto item stop fast. Mean human task listen personal.,3.5,1819,0.16,41,0.53,0.47,Beauty,2024-11-10 06:59:55,0
S1303,Card move notice. Dog mean thousand pass citizen card. Her entire water political four hear public.,3.7,898,0.13,68,0.84,0.16,Electronics,2024-01-02 19:22:07,0
S1304,Five at really poor.,3.3,2234,0.24,29,0.56,0.44,Toys,2025-06-06 10:02:31,0
S1305,"Pressure listen vote hot detail several page. Modern catch you blood research.
These such least your person. Seem treat store my stand.",4.0,2020,0.15,13,0.42,0.58,Toys,2025-01-04 13:26:51,0
S1306,Describe him question shake. Vote employee foot.,2.8,3533,0.13,12,0.98,0.02,Fashion,2023-09-15 15:47:20,0
S1307,"Country along tonight central red seat.
Effort coach note choose want interest. How whom manage animal claim front many. Color have information and over. Or through senior.",3.2,1134,0.13,71,0.82,0.18,Fashion,2024-05-19 02:11:03,0
S1308,"Party appear movie ready large author.
Strategy popular let wide. Reality leader prevent analysis culture. By raise public identify city line current.",2.7,2267,0.01,38,0.62,0.38,Home,2024-03-19 13:47:21,0
S1309,Laugh with support ten stand red ten forget. Half interest ever consider. Writer price water method.,3.2,2678,0.19,36,0.8,0.2,Beauty,2024-10-05 03:33:57,0
S1310,Middle tell thing which or. Candidate last large level administration. Admit over it carry.,3.1,949,0.38,13,0.34,0.66,Home,2024-01-17 03:00:48,0
S1311,Important fill result miss thus work tree. Clear admit interest serious ever task. His born road idea system medical hard.,3.5,2110,0.06,14,0.58,0.42,Books,2025-03-02 10:38:49,0
S1312,Writer miss very some. Increase although add various take but fact.,3.3,396,0.42,43,0.9,0.1,Toys,2023-12-01 08:15:51,0
S1313,Smile how school wish how sing. Upon after itself concern which level third.,3.4,3914,0.08,58,0.88,0.12,Beauty,2024-04-24 21:51:48,0
S1314,Note best foot vote son create same. Whole operation news community present. Situation me edge good house.,4.2,3774,0.16,7,0.31,0.69,Electronics,2024-06-07 05:27:36,0
S1315,Senior hard when type hand. Along tree Democrat hospital after add.,4.5,4035,0.06,7,0.9,0.1,Home,2025-05-10 04:44:11,0
S1316,Message especially only your. Throw drop behind buy. Try year country apply. Heart yeah stuff man describe hour.,5.0,4412,0.18,4,0.91,0.09,Electronics,2025-05-19 10:08:01,0
S1317,Help method house support. Miss pattern talk marriage free often.,3.8,3286,0.2,9,0.46,0.54,Electronics,2024-12-31 02:30:35,0
S1318,Tough nature education exactly. Director common mother all buy example effort.,3.5,1857,0.14,17,0.45,0.55,Toys,2024-09-20 00:51:47,0
S1319,Front young happen would. Light eight lawyer her time check level. Such travel me together.,3.1,35,0.16,68,0.56,0.44,Fashion,2024-12-22 05:18:25,0
S1320,Perform accept card happy fund teach other. Lot board their morning close story.,2.6,3493,0.24,54,0.62,0.38,Beauty,2023-10-30 13:09:31,0
S1321,Enough common medical catch against. Describe open early if. Worker time fire turn.,3.8,3323,0.21,54,0.58,0.42,Home,2023-09-05 04:54:11,0
S1322,"Body activity civil brother. Quickly yeah site accept effort sit.
Chair whatever behind month memory base water. Thousand end five. Service conference onto none whatever.",4.3,2479,0.03,69,0.72,0.28,Toys,2023-11-30 20:35:38,0
S1323,Say above term trip. Simple question window peace adult.,2.2,3304,0.18,33,0.39,0.61,Fashion,2024-05-06 23:16:13,0
S1324,Model common second beat raise American mother. Summer option development billion south lot similar.,2.3,2390,0.01,68,0.95,0.05,Electronics,2023-10-10 07:08:07,0
S1325,Simply change remain once woman. Involve course instead home TV choice. Business argue rise marriage check claim. Pattern difficult season born hold relate him.,3.5,366,0.22,26,0.31,0.69,Electronics,2023-12-19 21:58:51,0
S1326,Over west through require. Third American look social analysis language. Beyond kitchen attorney interest. Read agency such partner ground TV.,3.7,629,0.19,8,0.83,0.17,Fashion,2024-05-16 10:18:30,0
S1327,"Cost accept health wish grow. Her charge material prove.
Military establish however technology value.",2.4,4292,0.07,37,0.31,0.69,Toys,2023-06-26 23:45:15,0
S1328,List into everyone establish keep simple bag. Offer design though boy yet then smile. General stop ready company late.,3.9,1646,0.41,42,0.52,0.48,Home,2023-12-04 13:55:36,0
S1329,Hot field for break vote. Baby share eat board. Story people job shoulder not loss.,4.0,2847,0.22,10,0.91,0.09,Toys,2025-03-21 01:55:54,0
S1330,There recognize onto your report point trip pass. Less action record political forget. Hotel crime little media star.,3.0,1471,0.24,71,0.55,0.45,Fashion,2024-05-21 05:01:59,0
S1331,"There knowledge serious choice our. Amount painting natural kind half go statement.
Field three movie bit. State try plan catch though. National political deep during local receive capital.",4.9,3706,0.08,53,0.54,0.46,Toys,2024-11-09 17:22:03,0
S1332,Prevent thus economic. When Republican young head section military population anyone.,2.1,3018,0.1,10,0.87,0.13,Electronics,2025-02-22 04:35:33,0
S1333,News language perhaps usually paper by none.,2.7,1226,0.25,69,0.79,0.21,Home,2024-02-25 05:46:26,0
S1334,Address class condition street ten hear. Set list within message final.,4.2,2881,0.11,60,0.59,0.41,Home,2023-10-19 13:07:27,0
S1335,Ask quality list citizen should. View why them nearly.,4.9,2848,0.15,41,0.5,0.5,Home,2024-07-01 05:41:52,0
S1336,"Season hour upon ever politics base keep. Top thus night upon manager.
Region everything forget grow scene. Remain town wind.",3.5,4217,0.1,15,0.9,0.1,Home,2024-01-05 04:38:07,0
S1337,Theory onto nor hit. Bit role them myself start office.,2.6,3364,0.1,4,0.4,0.6,Electronics,2024-07-15 10:14:55,0
S1338,Kid see news.,2.4,2490,0.02,53,0.82,0.18,Fashion,2025-03-15 12:57:19,0
S1339,Policy store political serve politics movie.,2.8,1683,0.12,68,0.96,0.04,Fashion,2025-04-12 19:13:50,0
S1340,Have down early see. Off poor term at. Attack treatment special moment every deal.,3.3,3119,0.17,58,0.51,0.49,Home,2024-07-17 10:52:34,0
S1341,By newspaper little big. Today something approach. Anything sea green Republican event.,4.7,215,0.1,54,0.7,0.3,Home,2024-09-27 00:01:45,0
S1342,"Market head low note threat. Bank can technology provide page crime.
Stay type movie next effect. System point seem. Take hair soldier. Address black wrong.",3.0,281,0.19,9,0.48,0.52,Home,2024-10-04 16:18:21,0
S1343,Short work hand likely. Theory network eye measure. Produce fire computer which poor other.,3.2,2842,0.34,65,0.78,0.22,Home,2025-06-04 09:52:37,0
S1344,Several race structure involve. Beat laugh dream gas. Practice one boy expert wife.,2.5,2620,0.22,39,0.61,0.39,Home,2023-12-28 09:58:49,0
S1345,Cause we shoulder resource. Free four democratic country parent. No visit rich media.,3.7,176,0.21,13,0.45,0.55,Home,2023-12-23 16:16:24,0
S1346,Stay really report indicate crime any color. Once test total address interesting stay figure.,3.4,1373,0.21,65,0.51,0.49,Electronics,2024-05-21 13:35:28,0
S1347,Wind production east despite left.,4.8,1161,0.19,4,0.68,0.32,Home,2024-02-12 20:28:10,0
S1348,Lay sit blue. Many speech ok coach wish. Leader gun hotel unit rest.,5.0,1002,0.15,6,0.38,0.62,Beauty,2025-05-28 19:06:31,0
S1349,Safe officer throw brother speech because military.,2.8,1865,0.21,44,0.5,0.5,Beauty,2023-11-19 20:23:23,0
S1350,Church mean ready campaign student behavior. Us itself safe send between available exactly we.,3.9,4078,0.21,51,0.31,0.69,Home,2024-01-29 13:53:23,0
S1351,"Peace know grow boy dog. Again fast dog her cultural drug note.
Early owner life radio certain. Agreement to follow before yeah idea meet.",3.3,4569,0.13,5,0.54,0.46,Electronics,2023-08-21 04:33:40,0
S1352,Rich without central stand outside.,2.0,2626,0.38,50,0.59,0.41,Books,2024-09-03 04:39:36,0
S1353,Such visit production suffer she. Send entire item understand debate thus. Claim mean foreign animal.,4.1,28,0.1,33,0.74,0.26,Beauty,2024-05-14 11:13:20,0
S1354,Position sense expert reach occur issue seem. Picture listen drug its education test. Either six worker first.,4.6,1559,0.28,24,0.49,0.51,Books,2023-12-25 07:47:27,0
S1355,Line go member whole north. High important wide organization leave.,4.8,2771,0.19,28,0.57,0.43,Electronics,2024-04-25 20:10:23,0
S1356,Probably performance fund add long specific. Could begin break relationship film.,4.4,4530,0.31,35,0.48,0.52,Beauty,2024-04-19 00:44:24,0
S1357,Notice whole break message party. War let democratic message.,3.5,2643,0.07,20,0.5,0.5,Books,2024-10-03 09:36:52,0
S1358,Later involve there ahead month realize movement. After find these trip each.,3.7,4701,0.04,6,0.47,0.53,Electronics,2025-01-13 20:53:01,0
S1359,Art former the wear so magazine. Idea debate star remember. Movie field build.,4.3,3859,0.41,59,0.71,0.29,Beauty,2025-06-21 13:09:20,0
S1360,Focus lay add throw wife health street. Significant partner early charge. Free government parent.,3.3,1823,0.2,45,0.7,0.3,Home,2024-10-13 07:52:33,0
S1361,Class message market huge oil draw between call. Visit magazine career bank hospital. Inside area computer accept.,3.4,826,0.22,46,0.43,0.57,Home,2024-05-18 06:39:44,0
S1362,Stay its decide analysis. Help themselves at war all water course rate. Into talk hand by.,2.6,1374,0.21,27,0.31,0.69,Electronics,2024-12-05 09:33:37,0
S1363,Claim onto statement general talk break. Make appear compare lead agreement. Despite performance lawyer player national land.,3.1,869,0.24,40,0.74,0.26,Home,2023-10-23 04:04:25,0
S1364,Customer lay seek staff nor certain maybe building. Thought recently magazine toward. Thus room decision heavy. That race political skin.,2.5,3911,0.03,10,0.9,0.1,Toys,2025-05-18 17:15:19,0
S1365,Peace knowledge people television born.,3.7,2696,0.04,8,0.35,0.65,Fashion,2025-03-02 21:11:04,0
S1366,Subject lose treatment movement break arrive for admit. Design always film safe. Style good laugh possible budget.,4.2,4495,0.1,37,0.75,0.25,Fashion,2024-02-17 06:08:04,0
S1367,Call education either. Account beyond four page.,3.1,4673,0.08,40,0.6,0.4,Fashion,2024-07-08 12:56:16,0
S1368,Sign strong job five. Tonight rich medical part probably two face life.,4.0,72,0.18,7,0.34,0.66,Home,2024-11-23 06:32:07,0
S1369,Buy water manager. Never trouble by father available suffer.,3.5,4927,0.32,38,0.38,0.62,Fashion,2025-01-06 23:57:24,0
S1370,"Right bag book save.
Finish television explain language fly relate. Town north alone cultural sound eat another occur.",5.0,2078,0.13,68,0.5,0.5,Electronics,2024-05-26 00:43:24,0
S1371,"Send past rest government music. Deep once war pay want religious.
Pretty government apply degree. Stand likely water. Table better history season this.",4.0,205,0.11,61,0.54,0.46,Toys,2024-08-27 01:00:49,0
S1372,Third town say fear. Any task more. Study data company.,4.0,2601,0.18,58,0.94,0.06,Beauty,2024-08-24 03:57:48,0
S1373,First term hour will both red. Hear quality movement all.,4.7,1246,0.08,67,0.58,0.42,Books,2023-09-29 15:59:51,0
S1374,Force raise free speech assume successful form. Pressure partner information.,1.2,3639,0.16,66,0.66,0.34,Home,2023-09-02 21:23:43,0
S1375,Activity significant star goal meet four.,3.1,3099,0.31,32,0.91,0.09,Fashion,2024-03-12 10:40:35,0
S1376,"Fast radio imagine throw PM scene. Than bit another just remain. Ok against off forward.
Sense throughout understand image.",2.8,3077,0.05,39,0.34,0.66,Fashion,2025-04-06 13:00:17,0
S1377,Participant up raise world billion or others. Rest best market identify. Save authority one sometimes long son interview.,3.2,156,0.34,9,0.58,0.42,Books,2025-06-24 10:02:07,0
S1378,Camera likely argue foot near matter to. Relate citizen capital which.,4.8,458,0.01,48,0.94,0.06,Toys,2023-10-02 00:10:59,0
S1379,To decision name tax determine. Thank worker data suggest lay probably.,1.5,2617,0.07,26,0.65,0.35,Beauty,2025-05-04 16:03:27,0
S1380,Study system all my. Speech certain school high safe apply right.,3.8,826,0.09,3,0.68,0.32,Fashion,2025-05-28 14:03:14,0
S1381,"General participant morning build reveal blood. Magazine reach note participant green forget player forward.
Southern forget letter couple. Detail recently sit.",4.8,3710,0.28,56,0.87,0.13,Books,2025-02-06 01:58:50,0
S1382,Tough understand hope expect young anyone pressure.,3.9,2556,0.17,19,0.88,0.12,Fashion,2023-07-26 21:56:26,0
S1383,Include evidence president work. Skin treatment threat change western marriage few.,1.7,4534,0.12,18,0.91,0.09,Electronics,2025-03-14 15:59:45,0
S1384,Maintain world run citizen or student TV.,3.2,2349,0.23,45,0.97,0.03,Home,2025-02-23 16:41:08,0
S1385,Reach yeah the trouble. Thank onto stop industry.,3.5,541,0.08,59,0.78,0.22,Fashion,2024-07-13 23:45:10,0
S1386,True speak range sister Mrs. Though away Mrs particularly various.,2.0,2900,0.04,31,0.85,0.15,Home,2024-07-26 19:05:36,0
S1387,Author itself east huge also between magazine.,2.4,3585,0.08,45,0.54,0.46,Toys,2025-01-01 16:54:50,0
S1388,Tree admit field while kind.,4.6,3436,0.16,9,0.54,0.46,Home,2024-08-27 11:38:50,0
S1389,Usually occur factor pick. Small state kind score however color argue. Painting who ok.,4.2,1935,0.17,64,0.83,0.17,Beauty,2024-12-24 22:50:49,0
S1390,Dark eight agree action growth pull deal.,3.6,3655,0.18,8,0.7,0.3,Toys,2025-05-04 01:41:47,0
S1391,"Commercial value song outside anyone great young. General citizen argue pattern.
Building note political allow. Fund person partner activity day country reveal.",3.3,964,0.2,50,0.56,0.44,Books,2024-04-25 10:32:44,0
S1392,Interview art increase central watch thought. Without black my.,4.0,393,0.16,61,0.52,0.48,Toys,2023-08-03 03:04:36,0
S1393,"Choose media item apply doctor stay among.
Score partner here fast. Industry spend drop summer paper. Create discuss method can newspaper reflect and.",4.0,4261,0.03,53,0.85,0.15,Fashion,2023-10-21 23:11:14,0
S1394,Summer billion argue book sport. Impact turn everything save garden. Budget design debate. Challenge air woman control.,4.2,4943,0.19,8,0.32,0.68,Electronics,2024-09-30 01:48:04,0
S1395,Worry glass whatever TV. Character tend program development drug coach friend.,4.3,2591,0.28,6,0.59,0.41,Beauty,2025-03-02 15:34:25,0
S1396,Main camera defense company whether. Trial reveal oil majority win.,3.6,4560,0.17,38,0.36,0.64,Electronics,2025-01-29 19:55:53,0
S1397,Particular determine citizen serious where begin box. One western culture.,4.3,2515,0.12,13,0.39,0.61,Toys,2024-07-09 23:40:11,0
S1398,Remain near compare water above simply they. Here that rule big read.,2.3,2516,0.32,48,0.51,0.49,Electronics,2024-03-16 01:31:42,0
S1399,Resource likely tree kid goal lose dark move. Maybe success official.,3.7,3849,0.12,10,0.57,0.43,Beauty,2024-06-22 23:49:32,0
S1400,Forward involve source foreign rate score. Woman drug thing past.,4.5,77,0.39,24,0.56,0.44,Home,2024-06-30 17:13:13,0
S1401,Bag another office. Development act popular mouth. Southern again deal dinner them way.,4.9,3272,0.03,25,0.64,0.36,Books,2023-09-28 19:29:21,0
S1402,Stand point think.,4.0,4393,0.41,21,0.73,0.27,Electronics,2024-10-16 10:35:47,0
S1403,Like send behind each enter.,3.7,2914,0.13,4,0.58,0.42,Beauty,2024-07-28 07:20:08,0
S1404,Kind lot floor several claim peace.,3.0,625,0.07,14,0.34,0.66,Electronics,2023-12-08 10:21:08,0
S1405,Range police less daughter management.,3.3,1329,0.05,13,0.4,0.6,Fashion,2025-03-06 16:41:43,0
S1406,Light guess stand instead. Nice eye son compare campaign heart. Necessary cold feel become.,4.1,814,0.15,40,0.7,0.3,Electronics,2023-10-20 01:43:01,0
S1407,Will recent seven use middle successful range.,3.1,4745,0.13,45,0.96,0.04,Electronics,2025-03-30 09:39:54,0
S1408,Machine able reason car air. Cost hold both write. Animal window instead ahead as east along team.,2.4,953,0.32,51,0.32,0.68,Electronics,2025-03-18 20:58:40,0
S1409,Create grow speech data first like. Oil box drug teach region.,3.8,1240,0.25,12,0.86,0.14,Books,2025-03-30 16:22:08,0
S1410,Itself decide manage Democrat knowledge whatever left near. Sort chair involve though service. Stay resource will machine.,3.0,3145,0.1,71,0.44,0.56,Beauty,2024-04-20 22:00:25,0
S1411,Across your dark professor happen statement newspaper. Rather case me tough against.,3.3,2785,0.04,40,0.38,0.62,Toys,2023-10-25 11:05:00,0
S1412,During later player century. Me executive wall nor personal hundred order.,3.3,4341,0.28,56,0.39,0.61,Toys,2024-04-25 05:00:15,0
S1413,Budget last world voice whom song. Data cause contain well rock special idea mind. Upon lawyer almost artist.,2.7,646,0.05,22,0.63,0.37,Beauty,2024-02-11 12:22:02,0
S1414,Check culture machine recently test every decide. Number article light material policy more owner.,3.8,4116,0.28,40,0.51,0.49,Beauty,2025-02-25 08:41:56,0
S1415,Camera station once look state move sure. Anything organization firm necessary.,3.6,3146,0.11,56,0.55,0.45,Beauty,2024-08-07 07:18:31,0
S1416,Media store process suffer. Level choice top happen sense type song.,3.0,2847,0.14,15,0.44,0.56,Toys,2025-02-05 16:02:14,0
S1417,Hour want recently trouble half other. Word receive room hard democratic.,5.0,4145,0.19,63,0.68,0.32,Toys,2023-10-02 05:44:14,0
S1418,Economy billion type too. Body thus employee social its. For rule daughter act light theory less argue.,2.1,3119,0.08,55,0.78,0.22,Toys,2023-11-09 16:07:37,0
S1419,Front memory I until relationship. Building such any.,3.9,2545,0.0,54,0.46,0.54,Beauty,2024-03-11 17:57:59,0
S1420,Miss myself woman option. News tree short. With nothing eight by itself.,5.0,1584,0.15,53,0.49,0.51,Books,2023-09-26 15:23:13,0
S1421,Stuff part evening herself administration study.,2.9,2795,0.07,62,0.4,0.6,Books,2024-08-13 11:28:49,0
S1422,Father industry beat term oil.,5.0,1239,0.1,69,0.42,0.58,Home,2023-08-06 07:44:15,0
S1423,Book three up build movie total crime. Within either indicate old live computer. Yeah positive establish chair.,2.4,4871,0.12,45,0.89,0.11,Books,2024-04-09 03:15:09,0
S1424,"From possible again. Mission just but hair.
Represent style collection lay chair first compare. Number everyone knowledge.",4.1,285,0.06,17,0.5,0.5,Fashion,2023-07-17 21:08:30,0
S1425,Right guess on drop explain big. Compare since sea various. Exist seat arrive by laugh.,3.6,324,0.21,61,0.41,0.59,Home,2024-09-14 04:48:31,0
S1426,Affect list lose cell cup decision. Pattern hour easy arrive myself behind along. Contain very foot behind people.,4.4,3083,0.1,13,0.76,0.24,Beauty,2024-09-20 02:17:41,0
S1427,"Argue note hospital send new understand. Majority perhaps a establish how.
Fish our ask part.",2.3,152,0.19,52,0.49,0.51,Beauty,2024-12-02 18:54:58,0
S1428,Organization still through pick some. Hand light cultural arm. Price college energy here interest bag.,5.0,1858,0.29,9,0.53,0.47,Beauty,2023-10-02 07:17:26,0
S1429,Central ground bring of land oil recently. Civil page soldier morning nature tough of.,5.0,2961,0.15,62,0.34,0.66,Home,2024-02-08 04:56:03,0
S1430,Center beautiful war describe hair. Upon full trip bed collection.,2.4,2672,0.2,40,0.93,0.07,Fashion,2025-03-14 09:25:32,0
S1431,"Although air professor remain picture information raise. Happy adult seem answer tend thought.
Stand mention why behavior thought. Alone two window authority maybe field.",2.9,502,0.09,11,0.5,0.5,Beauty,2025-04-18 08:06:12,0
S1432,Certainly improve water usually about city small human.,3.6,3230,0.15,17,0.74,0.26,Fashion,2024-02-23 06:34:04,0
S1433,First enter star themselves treatment. Factor available may exist window.,2.9,1583,0.06,43,0.53,0.47,Toys,2023-12-03 23:12:49,0
S1434,Ability since radio hour. Discuss tend field answer listen eight foot.,4.0,317,0.12,58,0.49,0.51,Home,2024-10-23 07:26:14,0
S1435,Per seek simply fish on physical attorney.,3.1,4901,0.06,4,0.43,0.57,Electronics,2023-11-29 11:08:00,0
S1436,"Professional tough well shoulder blue off.
Send maybe gas until. Land mother strong industry.",3.0,932,0.05,34,0.43,0.57,Books,2023-12-22 11:12:12,0
S1437,He security year his high partner participant.,3.8,3091,0.26,15,0.61,0.39,Home,2024-04-06 16:53:17,0
S1438,"Camera white within federal institution hospital. Play but data today. Type day spend source oil know capital.
Want shake have to.",3.2,4210,0.04,12,0.92,0.08,Books,2024-10-12 21:51:17,0
S1439,Always performance civil analysis history standard radio. Floor these visit.,4.6,138,0.06,49,0.86,0.14,Toys,2023-07-14 03:03:15,0
S1440,Employee daughter store window minute but smile.,3.6,2054,0.02,52,0.8,0.2,Beauty,2025-04-12 09:40:18,0
S1441,For international peace wall relate if.,4.7,2947,0.38,68,0.7,0.3,Toys,2023-11-08 09:52:13,0
S1442,Tough high capital respond recognize.,4.2,4766,0.13,10,0.52,0.48,Fashion,2024-09-09 21:46:30,0
S1443,Here poor discussion sport money. Middle way skin improve.,3.4,3318,0.19,69,0.35,0.65,Electronics,2024-11-09 18:36:30,0
S1444,Fine art goal fish decision. Little figure campaign think soon everyone. Score hot money drug over best boy role.,3.3,2809,0.17,39,0.42,0.58,Toys,2024-09-02 19:53:25,0
S1445,Man environmental bag. North good forward shoulder talk.,1.8,741,0.34,52,0.32,0.68,Toys,2025-06-08 12:34:33,1
S1446,Also course TV idea. True pass at woman style really take. Dream road lose. Wish likely break.,2.6,906,0.04,63,0.77,0.23,Electronics,2024-03-17 13:04:26,0
S1447,Others together civil. Long say reveal upon yeah court.,3.8,4127,0.27,17,0.68,0.32,Books,2025-04-01 21:32:05,0
S1448,Administration onto start ok situation. Though have into above quite when event. Camera job sport throughout.,2.1,666,0.08,14,0.56,0.44,Beauty,2024-02-12 20:23:57,0
S1449,Prove data yet. Fact possible measure air. Let middle order memory.,4.0,278,0.18,58,0.77,0.23,Electronics,2025-06-19 22:05:46,0
S1450,Green law stay morning. Out speak be approach college.,3.3,3086,0.08,4,0.68,0.32,Toys,2024-04-16 21:57:22,0
S1451,"Girl close successful over nor. Rock cause serve arrive inside across.
Quality maintain number benefit yourself night. Others within bed not boy material.",3.2,4661,0.14,35,0.54,0.46,Toys,2024-12-26 12:15:08,0
S1452,Coach world statement teach.,3.7,1645,0.18,17,0.91,0.09,Beauty,2025-05-31 00:15:36,0
S1453,"Field pull official likely good environment. Happen market race own.
Newspaper yet see small lay before foot. Claim perhaps whole through policy.",3.4,3222,0.32,68,0.68,0.32,Electronics,2024-06-05 13:25:56,0
S1454,Need source trouble positive hear. Contain modern could.,3.8,4837,0.24,8,0.64,0.36,Books,2024-02-22 20:53:47,0
S1455,Enjoy role hold fly until home begin. Bag teach moment southern kid similar. Blue stay matter movement.,3.9,3585,0.19,30,0.81,0.19,Electronics,2025-04-02 04:28:01,0
S1456,Great food positive far.,2.5,667,0.11,6,0.94,0.06,Home,2024-01-02 03:51:18,0
S1457,Employee nation daughter treat community whether per. Forward grow step her source economic including.,3.1,3174,0.1,6,0.52,0.48,Beauty,2024-09-19 13:55:00,0
S1458,All church according economic management. Style surface goal see really kind. Meeting forget red occur rock.,3.0,3972,0.27,63,0.57,0.43,Books,2023-07-11 09:27:48,0
S1459,Politics condition social western service body once say. Own season front simple player rate.,2.6,735,0.37,11,0.61,0.39,Toys,2024-08-12 22:02:51,0
S1460,However music where society go vote. Everybody each guy around foot career. In view manager. True put born design receive nation.,3.3,2133,0.23,23,0.34,0.66,Electronics,2023-09-14 02:02:06,0
S1461,Country some have including response.,3.3,2941,0.33,25,0.84,0.16,Books,2025-06-12 07:26:36,0
S1462,"Push artist worry light. Control politics ready still toward. Service bad about power.
Lot vote open degree fast effort must. Pressure those security respond resource follow.",3.2,3571,0.16,48,0.41,0.59,Electronics,2023-12-12 09:32:03,0
S1463,May change election situation page. Boy the customer house scientist. Between it meet.,3.1,4915,0.11,59,0.7,0.3,Toys,2025-03-15 00:54:45,0
S1464,"Other to try. Friend can wear at occur bar deep.
Imagine worry foreign them job. Best upon affect spend catch cause memory.",2.1,4596,0.14,2,0.34,0.66,Fashion,2023-08-26 18:47:40,0
S1465,Get final forward identify can. Design market trouble inside from.,5.0,1912,0.38,36,0.86,0.14,Home,2024-12-25 04:38:11,0
S1466,Above loss economy watch skin return play. Church participant example best degree country leave.,3.2,99,0.18,30,0.49,0.51,Electronics,2023-06-29 06:18:03,0
S1467,Discuss name soon.,4.7,3205,0.05,52,0.41,0.59,Toys,2023-10-15 17:31:19,0
S1468,Country mention task drop realize back pay west. Authority attack police under. Seem unit policy always entire decide medical.,5.0,4723,0.12,25,0.48,0.52,Fashion,2024-02-06 01:40:18,0
S1469,Whatever red likely less administration some. Bag next phone. Right machine method police agent major trial.,2.3,793,0.03,34,0.43,0.57,Beauty,2024-04-11 08:31:51,0
S1470,"Hear century three place seven. Kitchen personal notice easy wear stay. Read none mind while sister beautiful.
Care table check past. Great skin like ago.",4.7,839,0.07,38,0.46,0.54,Toys,2025-06-13 11:34:41,0
S1471,Big toward health hard reason well. Customer travel phone tax garden later store.,4.5,1042,0.18,68,0.48,0.52,Home,2023-08-04 11:36:46,0
S1472,Talk seven quality to space government site family. Agency enough fill computer blood.,5.0,4723,0.06,35,0.69,0.31,Home,2024-11-20 20:00:33,0
S1473,Everything into ready responsibility technology then next.,3.1,297,0.33,17,0.64,0.36,Toys,2024-07-28 01:32:26,0
S1474,Act wrong include actually tough. Remember sing however alone Mrs protect despite.,1.6,25,0.22,26,0.66,0.34,Home,2024-07-08 11:54:57,0
S1475,Myself special type. Against day her building. Mind charge life yourself attention just myself president.,3.3,4052,0.08,24,0.65,0.35,Books,2025-04-09 09:00:39,0
S1476,So lay open across serious college lay. Glass their sea forget wish.,3.4,827,0.14,54,0.71,0.29,Toys,2024-10-31 15:24:28,0
S1477,Now part show throw center same college. I factor offer.,4.4,4761,0.07,42,0.46,0.54,Beauty,2025-04-03 00:30:33,0
S1478,Return around pattern because.,4.9,563,0.3,27,0.8,0.2,Toys,2024-10-19 15:12:21,0
S1479,"Worker must drop than never high throw. Issue professional yet should rate hundred most.
Budget always quickly appear test. Fish television between little leader.",4.1,2219,0.26,10,0.36,0.64,Electronics,2024-11-18 12:53:14,0
S1480,"Share still movie list nothing need. View away machine song.
Remember area each. Admit base low.",2.4,3489,0.29,15,0.91,0.09,Beauty,2024-04-06 14:53:00,0
S1481,Religious study air listen man. Group home thank deep. Party citizen rule each agent ball.,4.0,2182,0.15,14,0.84,0.16,Electronics,2023-10-15 08:12:56,0
S1482,Quickly ok plant program live admit bill.,4.4,4545,0.17,67,0.47,0.53,Toys,2024-01-23 19:43:26,0
S1483,Main appear author word send top north. Explain part war my. During lot painting star travel character behind.,4.7,4228,0.09,12,0.52,0.48,Home,2024-02-20 08:12:32,0
S1484,Bad special find history. Hundred paper partner.,4.2,3639,0.35,43,0.3,0.7,Books,2024-06-23 22:09:22,0
S1485,True keep then drive we make.,4.1,794,0.05,13,0.95,0.05,Fashion,2023-10-27 16:37:24,0
S1486,Hear number later chance campaign. Section according page artist economy. Major town major trial argue large glass.,4.1,335,0.07,39,0.97,0.03,Toys,2023-09-06 18:00:14,0
S1487,Church drop teacher option describe table charge. Most anything machine maybe mind world.,1.1,1377,0.08,67,0.85,0.15,Electronics,2024-02-19 08:28:07,0
S1488,Back yard allow find successful read already carry.,2.3,4811,0.09,3,0.8,0.2,Beauty,2023-12-05 20:44:19,0
S1489,Finally both teach range art. Just third traditional adult share.,4.6,2766,0.3,4,0.59,0.41,Toys,2023-11-02 02:27:57,0
S1490,Easy accept capital month. Fact instead might close five. Air security impact cold list state.,4.2,3522,0.17,42,0.66,0.34,Fashion,2024-02-10 01:35:29,0
S1491,Visit weight support. Major relate month country trade from.,2.5,1059,0.08,39,0.96,0.04,Books,2024-02-16 03:55:39,0
S1492,Those even today way reach sound. Sign door might treat rich gun interesting.,2.7,1812,0.09,42,0.4,0.6,Home,2025-04-18 23:32:40,0
S1493,"Quite fight visit structure.
Religious high member lawyer write others read. Amount animal fund real collection yet public conference. Scene you exactly want. Meet fund official scene their my.",3.5,4433,0.29,61,0.98,0.02,Fashion,2024-02-01 09:48:12,0
S1494,"Western factor suggest carry expert cup system. Once few billion.
Democratic phone red anything nothing. Play nature main again later.",4.5,3644,0.29,49,0.76,0.24,Electronics,2024-12-26 09:49:08,0
S1495,Way music dinner radio interesting purpose. Ahead here top every.,4.7,2580,0.4,57,0.56,0.44,Electronics,2023-09-19 01:29:29,0
S1496,Ability admit season work tell city fire.,3.3,2839,0.2,51,0.3,0.7,Toys,2024-07-13 10:46:27,0
S1497,Soon during collection describe quality water bring. But this along note.,2.8,516,0.05,7,0.74,0.26,Beauty,2023-12-15 18:43:24,0
S1498,Drug actually sense such speak pressure box watch.,5.0,4486,0.11,60,0.41,0.59,Fashion,2024-12-12 18:08:56,0
S1499,Population road road his. Approach else put factor gun other.,4.2,922,0.26,50,0.89,0.11,Beauty,2024-02-03 10:56:17,0
